INSERT INTO photos (link) VALUES ('https://i.imgur.com/c9Bk75O.png');
INSERT INTO photos (link) VALUES ('https://i.imgur.com/kwRzlPw.jpg');
INSERT INTO photos (link) VALUES ('https://i.imgur.com/os9lEQw.jpg');
INSERT INTO photos (link) VALUES ('https://i.imgur.com/DmK8PMq.jpg');
INSERT INTO PHOTOS (link) VALUES ('https://i.imgur.com/Moe5dXk.jpg');
INSERT INTO PHOTOS (link) VALUES ('https://i.imgur.com/DNQkTA0.jpg');
INSERT INTO PHOTOS (link) VALUES ('https://i.imgur.com/ZaRpiT0.jpg');
INSERT INTO PHOTOS (link) VALUES ('https://i.imgur.com/HTcZO3H.jpg');
INSERT INTO PHOTOS (link) VALUES ('https://i.imgur.com/bgFtVsh.jpg');
INSERT INTO PHOTOS (link) VALUES ('https://i.imgur.com/MS9W7SK.jpg');
INSERT INTO PHOTOS (link) VALUES ('https://i.imgur.com/nxHZHMx.png');
INSERT INTO PHOTOS (link) VALUES ('https://i.imgur.com/37FhOkS.jpg');
INSERT INTO PHOTOS (link) VALUES ('https://i.imgur.com/bRgbPoO.jpg');
INSERT INTO PHOTOS (link) VALUES ('https://i.imgur.com/EEuWenY.png');
INSERT INTO PHOTOS (link) VALUES ('https://i.imgur.com/kEm3nyT.png');
INSERT INTO PHOTOS (link) VALUES ('https://i.imgur.com/aEpDfB0.jpg');
INSERT INTO PHOTOS (link) VALUES ('https://i.imgur.com/G223PP2.png');
commit;

--------------------------------------------------------------------------------

INSERT INTO USERS (login, password, name, surname, birthdate, accountcreationdate, profile_photo) VALUES ('admin' , 'd033e22ae348aeb5660fc2140aec35850c4da997' , 'pap' , 'papowski' , TO_DATE('1994-05-26', 'YYYY-MM-DD'), NULL, 'https://i.imgur.com/c9Bk75O.png');
INSERT INTO USERS (login, password, name, surname, birthdate, accountcreationdate, profile_photo) VALUES ('grzegorz' , '576f004867f2a4108f16c9835df8089b1c5392f1' , 'Grzegorz' , 'Brzeczyszczykiewicz' , TO_DATE('2021-12-01', 'YYYY-MM-DD'), TO_DATE('2021-12-01', 'YYYY-MM-DD'), 'https://i.imgur.com/c9Bk75O.png');
INSERT INTO USERS (login, password, name, surname, birthdate, accountcreationdate, profile_photo) VALUES ('Yamroz' , '7fda4a0cc5338b903bd8f2c2abf4a499c84d1990' , 'Ola' , 'Super' , NULL, NULL, 'https://i.imgur.com/c9Bk75O.png');
INSERT INTO USERS (login, password, name, surname, birthdate, accountcreationdate, profile_photo) VALUES ('dragon' , '4fa6024f12494d3a99d8bda9b7a55f7d140f328a' , 'Dragon' , 'Egg' , NULL, NULL, 'https://i.imgur.com/c9Bk75O.png');
INSERT INTO USERS (login, password, name, surname, birthdate, accountcreationdate, profile_photo) VALUES ('Radek' , 'af977ebb8a0482016d6615c14f4bac95ca6ab76f' , 'Radek' , 'Kotarski' , TO_DATE('2012-12-13', 'YYYY-MM-DD'), NULL, 'https://i.imgur.com/c9Bk75O.png');
INSERT INTO USERS (login, password, name, surname, birthdate, accountcreationdate, profile_photo) VALUES ('pap' , '627a19572de5279b23ee9767fc5cf4b270625ac6' , 'Pap' , 'Papowski' , TO_DATE('2001-12-12', 'YYYY-MM-DD'), NULL, 'https://i.imgur.com/MlsqxeO.jpg');
INSERT INTO USERS (login, password, name, surname, birthdate, accountcreationdate, profile_photo) VALUES ('snake' , '148627088915c721ccebb4c611b859031037e6ad' , 'Sn' , 'Ake' , NULL, NULL, 'https://i.imgur.com/c9Bk75O.png');
INSERT INTO USERS (login, password, name, surname, birthdate, accountcreationdate, profile_photo) VALUES ('Yoo' , '40bd001563085fc35165329ea1ff5c5ecbdbbeef' , NULL , NULL , TO_DATE('2021-12-03', 'YYYY-MM-DD'), TO_DATE('2021-12-03', 'YYYY-MM-DD'), 'https://i.imgur.com/c9Bk75O.png');
INSERT INTO USERS (login, password, name, surname, birthdate, accountcreationdate, profile_photo) VALUES ('Jan_kowalski' , '7110eda4d09e062aa5e4a390b0a572ac0d2c0220' , 'Jan' , 'Kowalski' , TO_DATE('2021-12-06', 'YYYY-MM-DD'), TO_DATE('2021-12-06', 'YYYY-MM-DD'), 'https://i.imgur.com/c9Bk75O.png');
INSERT INTO USERS (login, password, name, surname, birthdate, accountcreationdate, profile_photo) VALUES ('ola' , 'cd798c453817754e7fab67c9572fc9d3182a2ee2' , NULL , NULL , TO_DATE('2021-12-29', 'YYYY-MM-DD'), TO_DATE('2021-12-29', 'YYYY-MM-DD'), 'https://i.imgur.com/c9Bk75O.png');
INSERT INTO USERS (login, password, name, surname, birthdate, accountcreationdate, profile_photo) VALUES ('pudzian' , '93e0b87153a76c6f344d6294b63b2343ed78b67f' , NULL , NULL , TO_DATE('2022-01-07', 'YYYY-MM-DD'), TO_DATE('2022-01-07', 'YYYY-MM-DD'), 'https://i.imgur.com/c9Bk75O.png');
INSERT INTO USERS (login, password, name, surname, birthdate, accountcreationdate, profile_photo) VALUES ('WonderWoman' , '2121f63fa2843c8a5ce400bb6f83824f7491269d' , 'Diana' , 'Amazon' , TO_DATE('2021-12-28', 'YYYY-MM-DD'), TO_DATE('2022-01-08', 'YYYY-MM-DD'), 'https://i.imgur.com/c9Bk75O.png');
INSERT INTO USERS (login, password, name, surname, birthdate, accountcreationdate, profile_photo) VALUES ('Tomasz' , '2d0e191c84de6410ef5c96c0ce8ac63c974c0159' , NULL , NULL , TO_DATE('2022-01-11', 'YYYY-MM-DD'), TO_DATE('2022-01-11', 'YYYY-MM-DD'), 'https://i.imgur.com/c9Bk75O.png');
INSERT INTO USERS (login, password, name, surname, birthdate, accountcreationdate, profile_photo) VALUES ('Mariusz' , '165f59842fe3d9af9cab8b4f6013ba89178d3546' , NULL , NULL , TO_DATE('2022-01-11', 'YYYY-MM-DD'), TO_DATE('2022-01-11', 'YYYY-MM-DD'), 'https://i.imgur.com/c9Bk75O.png');
INSERT INTO USERS (login, password, name, surname, birthdate, accountcreationdate, profile_photo) VALUES ('Asiuniaaa111' , '6ff797c570cf1cbdb08d481e757d8ad2285f10fe' , NULL , NULL , TO_DATE('2022-01-12', 'YYYY-MM-DD'), TO_DATE('2022-01-12', 'YYYY-MM-DD'), 'https://i.imgur.com/kwRzlPw.jpg');
INSERT INTO USERS (login, password, name, surname, birthdate, accountcreationdate, profile_photo) VALUES ('Rad' , '7110eda4d09e062aa5e4a390b0a572ac0d2c0220' , NULL , NULL , TO_DATE('2022-01-12', 'YYYY-MM-DD'), TO_DATE('2022-01-12', 'YYYY-MM-DD'), 'https://i.imgur.com/c9Bk75O.png');
INSERT INTO USERS (login, password, name, surname, birthdate, accountcreationdate, profile_photo) VALUES ('quboxiczkens2009' , 'fca573aee83a88e8fa878430bea0a50a2a8bc5d5' , 'Qubo' , 'Xiczkens' , TO_DATE('2009-04-20', 'YYYY-MM-DD'), TO_DATE('2022-01-12', 'YYYY-MM-DD'), 'https://i.imgur.com/os9lEQw.jpg');
INSERT INTO USERS (login, password, name, surname, birthdate, accountcreationdate, profile_photo) VALUES ('elo' , 'cd798c453817754e7fab67c9572fc9d3182a2ee2' , 'Dziwny pan' , 'Ze Stocku' , TO_DATE('1970-09-18', 'YYYY-MM-DD'), TO_DATE('2022-01-14', 'YYYY-MM-DD'), 'https://i.imgur.com/DmK8PMq.jpg');
INSERT INTO USERS (login, password, name, surname, birthdate, accountcreationdate, profile_photo) VALUES ('Anonim123' , '3b06a7236ffaf05af05f9c10fc799da829a0421f' , NULL , NULL , TO_DATE('2022-01-14', 'YYYY-MM-DD'), TO_DATE('2022-01-14', 'YYYY-MM-DD'), 'https://i.imgur.com/c9Bk75O.png');
INSERT INTO USERS (login, password, name, surname, birthdate, accountcreationdate, profile_photo) VALUES ('Anonim1234' , '3b06a7236ffaf05af05f9c10fc799da829a0421f' , NULL , NULL , TO_DATE('2022-01-14', 'YYYY-MM-DD'), TO_DATE('2022-01-14', 'YYYY-MM-DD'), 'https://i.imgur.com/c9Bk75O.png');
INSERT INTO USERS (login, password, name, surname, birthdate, accountcreationdate, profile_photo) VALUES ('o' , '627a19572de5279b23ee9767fc5cf4b270625ac6' , NULL , NULL , TO_DATE('2022-01-17', 'YYYY-MM-DD'), TO_DATE('2022-01-17', 'YYYY-MM-DD'), 'https://i.imgur.com/c9Bk75O.png');
INSERT INTO USERS (login, password, name, surname, birthdate, accountcreationdate, profile_photo) VALUES ('Uzytkownik' , '40bd001563085fc35165329ea1ff5c5ecbdbbeef' , NULL , NULL , TO_DATE('2022-01-23', 'YYYY-MM-DD'), TO_DATE('2022-01-23', 'YYYY-MM-DD'), 'https://i.imgur.com/c9Bk75O.png');
INSERT INTO USERS (login, password, name, surname, birthdate, accountcreationdate, profile_photo) VALUES ('pap1' , '6ee58539b60826cec6673823a7f4c18c341e9ba9' , NULL , NULL , TO_DATE('2022-01-23', 'YYYY-MM-DD'), TO_DATE('2022-01-23', 'YYYY-MM-DD'), 'https://i.imgur.com/c9Bk75O.png');
commit;
--------------------------------------------------------------------------------

INSERT INTO admins (name, surname, login) VALUES ('Gabriela', 'Topczewska', 'pap');
INSERT INTO admins (name, surname, login) VALUES ('Aleksandra', 'Majewska', 'ola');
INSERT INTO admins (name, surname, login) VALUES ('Radosław', 'Kostrzewski', 'Radek');
INSERT INTO admins (name, surname, login) VALUES ('Aleksandra', 'Jamróz', 'pap1');
commit;

--------------------------------------------------------------------------------
INSERT INTO countries VALUES (1, 'Polska');
INSERT INTO countries VALUES (2, 'Niemcy');
INSERT INTO countries VALUES (3, 'Francja');
INSERT INTO countries VALUES (4, 'Wielka Brytania');
INSERT INTO countries VALUES (5, 'Czechy');
INSERT INTO countries VALUES (6, 'Litwa');
INSERT INTO countries VALUES (7, 'Ukraina');
INSERT INTO countries VALUES (8, 'Słowacja');
INSERT INTO countries VALUES (9, 'Norwegia');
INSERT INTO countries VALUES (10, 'Szwecja');
INSERT INTO countries VALUES (11, 'Finlandia');
INSERT INTO countries VALUES (12, 'Hiszpania');
INSERT INTO countries VALUES (13, 'Republika Południowej Ameryki');
INSERT INTO countries VALUES (14, 'Egipt');
INSERT INTO countries VALUES (15, 'Izrael');
INSERT INTO countries VALUES (16, 'Irak');
INSERT INTO countries VALUES (17, 'Turcja');
INSERT INTO countries VALUES (18, 'Stany Zjednoczone Ameryki');
INSERT INTO countries VALUES (19, 'Kanada');
INSERT INTO countries VALUES (20, 'Brazylia');
INSERT INTO countries VALUES (21, 'Argentyna');
INSERT INTO countries VALUES (22, 'Chińska Republika Ludowa');
INSERT INTO countries VALUES (23, 'Japonia');
INSERT INTO countries VALUES (24, 'Korea Południowa');
INSERT INTO countries VALUES (25, 'Rosja');
INSERT INTO countries VALUES (26, 'Gruzja');
commit;

--------------------------------------------------------------------------------

INSERT INTO voivodships (name, country_id)VALUES ('DOLNOŚLĄSKIE', 1);
INSERT INTO voivodships (name, country_id)VALUES('KUJAWSKO-POMORSKIE', 1);
INSERT INTO voivodships (name, country_id)VALUES('LUBELSKIE', 1);
INSERT INTO voivodships (name, country_id)VALUES('LUBUSKIE', 1);
INSERT INTO voivodships (name, country_id)VALUES('ŁÓDZKIE', 1);
INSERT INTO voivodships (name, country_id)VALUES('MAŁOPOLSKIE', 1);
INSERT INTO voivodships (name, country_id)VALUES('MAZOWIECKIE', 1);
INSERT INTO voivodships (name, country_id)VALUES('OPOLSKIE', 1);
INSERT INTO voivodships (name, country_id)VALUES('PODKARPACKIE', 1);
INSERT INTO voivodships (name, country_id)VALUES('PODLASKIE', 1);
INSERT INTO voivodships (name, country_id)VALUES('POMORSKIE', 1);
INSERT INTO voivodships (name, country_id)VALUES('ŚLĄSKIE', 1);
INSERT INTO voivodships (name, country_id)VALUES('ŚWIĘTOKRZYSKIE', 1);
INSERT INTO voivodships (name, country_id)VALUES('WARMIŃSKO-MAZURSKIE', 1);
INSERT INTO voivodships (name, country_id)VALUES('WIELKOPOLSKIE', 1);
INSERT INTO voivodships (name, country_id)VALUES('ZACHODNIOPOMORSKIE', 1);
commit;

--------------------------------------------------------------------------------

INSERT INTO cities (voivodship_id, name) VALUES (14, 'Warszawa');
INSERT INTO cities (voivodship_id, name) VALUES (2, 'Bolesławiec');
INSERT INTO cities (voivodship_id, name) VALUES (2, 'Nowogrodziec');
INSERT INTO cities (voivodship_id, name) VALUES (2, 'Bielawa');
INSERT INTO cities (voivodship_id, name) VALUES (2, 'Dzierżoniów');
INSERT INTO cities (voivodship_id, name) VALUES (2, 'Pieszyce');
INSERT INTO cities (voivodship_id, name) VALUES (2, 'Piława Górna');
INSERT INTO cities (voivodship_id, name) VALUES (2, 'Niemcza');
INSERT INTO cities (voivodship_id, name) VALUES (2, 'Głogów');
INSERT INTO cities (voivodship_id, name) VALUES (2, 'Góra');
INSERT INTO cities (voivodship_id, name) VALUES ( 2, 'Olszyna');
INSERT INTO cities (voivodship_id, name) VALUES ( 2, 'Lubin');
INSERT INTO cities (voivodship_id, name) VALUES ( 2, 'Gryfów Śląski');
INSERT INTO cities (voivodship_id, name) VALUES ( 2, 'Lubomierz');
INSERT INTO cities (voivodship_id, name) VALUES ( 2, 'Mirsk');
INSERT INTO cities (voivodship_id, name) VALUES ( 2, 'Wleń');
INSERT INTO cities (voivodship_id, name) VALUES ( 2, 'Oleśnica');
INSERT INTO cities (voivodship_id, name) VALUES ( 2, 'Bierutów');
INSERT INTO cities (voivodship_id, name) VALUES ( 2, 'Syców');
INSERT INTO cities (voivodship_id, name) VALUES ( 2, 'Twardogóra');
INSERT INTO cities (voivodship_id, name) VALUES ( 2, 'Jelcz-Laskowice');
INSERT INTO cities (voivodship_id, name) VALUES ( 2, 'Chocianów');
INSERT INTO cities (voivodship_id, name) VALUES ( 2, 'Polkowice');
INSERT INTO cities (voivodship_id, name) VALUES ( 2, 'Przemków');
INSERT INTO cities (voivodship_id, name) VALUES ( 2, 'Strzelin');
INSERT INTO cities (voivodship_id, name) VALUES ( 2, 'Wiązów');
INSERT INTO cities (voivodship_id, name) VALUES ( 2, 'Środa Śląska');
INSERT INTO cities (voivodship_id, name) VALUES ( 2, 'Świdnica');
INSERT INTO cities (voivodship_id, name) VALUES ( 2, 'Świebodzice');
INSERT INTO cities (voivodship_id, name) VALUES ( 2, 'Jaworzyna Śląska');
INSERT INTO cities (voivodship_id, name) VALUES ( 2, 'Siechnice');
INSERT INTO cities (voivodship_id, name) VALUES ( 2, 'Bardo');
INSERT INTO cities (voivodship_id, name) VALUES ( 2, 'Ząbkowice Śląskie');
INSERT INTO cities (voivodship_id, name) VALUES ( 2, 'Ziębice');
INSERT INTO cities (voivodship_id, name) VALUES ( 2, 'Złoty Stok');
INSERT INTO cities (voivodship_id, name) VALUES ( 2, 'Zawidów');
INSERT INTO cities (voivodship_id, name) VALUES ( 2, 'Zgorzelec');
INSERT INTO cities (voivodship_id, name) VALUES ( 2, 'Bogatynia');
INSERT INTO cities (voivodship_id, name) VALUES ( 2, 'Pieńsk');
INSERT INTO cities (voivodship_id, name) VALUES ( 2, 'Węgliniec');
INSERT INTO cities (voivodship_id, name) VALUES ( 2, 'Wojcieszów');
INSERT INTO cities (voivodship_id, name) VALUES ( 2, 'Złotoryja');
INSERT INTO cities (voivodship_id, name) VALUES ( 2, 'Świerzawa');
INSERT INTO cities (voivodship_id, name) VALUES ( 2, 'Jelenia Góra');
INSERT INTO cities (voivodship_id, name) VALUES ( 2, 'Legnica');
INSERT INTO cities (voivodship_id, name) VALUES ( 2, 'Wrocław');
INSERT INTO cities (voivodship_id, name) VALUES ( 2, 'Wałbrzych');
INSERT INTO cities (voivodship_id, name) VALUES ( 4, 'Aleksandrów Kujawski');
INSERT INTO cities (voivodship_id, name) VALUES ( 4, 'Ciechocinek');
INSERT INTO cities (voivodship_id, name) VALUES ( 4, 'Nieszawa');
INSERT INTO cities (voivodship_id, name) VALUES ( 4, 'Brodnica');
INSERT INTO cities (voivodship_id, name) VALUES ( 4, 'Górzno');
INSERT INTO cities (voivodship_id, name) VALUES ( 4, 'Jabłonowo Pomorskie');
INSERT INTO cities (voivodship_id, name) VALUES ( 4, 'Koronowo');
INSERT INTO cities (voivodship_id, name) VALUES ( 4, 'Solec Kujawski');
INSERT INTO cities (voivodship_id, name) VALUES (4, 'Chełmno');
INSERT INTO cities (voivodship_id, name) VALUES (4, 'Golub-Dobrzyń');
INSERT INTO cities (voivodship_id, name) VALUES (4, 'Kowalewo Pomorskie');
INSERT INTO cities (voivodship_id, name) VALUES (4, 'Łasin');
INSERT INTO cities (voivodship_id, name) VALUES (4, 'Radzyń Chełmiński');
INSERT INTO cities (voivodship_id, name) VALUES (4, 'Inowrocław');
INSERT INTO cities (voivodship_id, name) VALUES (4, 'Gniewkowo');
INSERT INTO cities (voivodship_id, name) VALUES (4, 'Janikowo');
INSERT INTO cities (voivodship_id, name) VALUES (4, 'Kruszwica');
INSERT INTO cities (voivodship_id, name) VALUES (4, 'Pakość');
INSERT INTO cities (voivodship_id, name) VALUES (4, 'Lipno');
INSERT INTO cities (voivodship_id, name) VALUES (4, 'Dobrzyń nad Wisłą');
INSERT INTO cities (voivodship_id, name) VALUES (4, 'Skępe');
INSERT INTO cities (voivodship_id, name) VALUES (4, 'Mogilno');
INSERT INTO cities (voivodship_id, name) VALUES (4, 'Strzelno');
INSERT INTO cities (voivodship_id, name) VALUES (4, 'Kcynia');
INSERT INTO cities (voivodship_id, name) VALUES (4, 'Mrocza');
INSERT INTO cities (voivodship_id, name) VALUES (4, 'Nakło nad Notecią');
INSERT INTO cities (voivodship_id, name) VALUES (4, 'Szubin');
INSERT INTO cities (voivodship_id, name) VALUES (4, 'Radziejów');
INSERT INTO cities (voivodship_id, name) VALUES (4, 'Piotrków Kujawski');
INSERT INTO cities (voivodship_id, name) VALUES (4, 'Rypin');
INSERT INTO cities (voivodship_id, name) VALUES (4, 'Kamień Krajeński');
INSERT INTO cities (voivodship_id, name) VALUES (4, 'Sępólno Krajeńskie');
INSERT INTO cities (voivodship_id, name) VALUES (4, 'Więcbork');
INSERT INTO cities (voivodship_id, name) VALUES (4, 'Nowe');
INSERT INTO cities (voivodship_id, name) VALUES (4, 'Świecie');
INSERT INTO cities (voivodship_id, name) VALUES (4, 'Chełmża');
INSERT INTO cities (voivodship_id, name) VALUES (4, 'Tuchola');
INSERT INTO cities (voivodship_id, name) VALUES (4, 'Wąbrzeźno');
INSERT INTO cities (voivodship_id, name) VALUES (4, 'Kowal');
INSERT INTO cities (voivodship_id, name) VALUES (4, 'Żnin');
INSERT INTO cities (voivodship_id, name) VALUES (4, 'Bydgoszcz');
INSERT INTO cities (voivodship_id, name) VALUES (4, 'Grudziądz');
INSERT INTO cities (voivodship_id, name) VALUES (4, 'Toruń');
INSERT INTO cities (voivodship_id, name) VALUES (4, 'Włocławek');
INSERT INTO cities (voivodship_id, name) VALUES (6, 'Międzyrzec Podlaski');
INSERT INTO cities (voivodship_id, name) VALUES (6, 'Terespol');
INSERT INTO cities (voivodship_id, name) VALUES (6, 'Biłgoraj');
INSERT INTO cities (voivodship_id, name) VALUES (6, 'Frampol');
INSERT INTO cities (voivodship_id, name) VALUES (6, 'Józefów');
INSERT INTO cities (voivodship_id, name) VALUES (6, 'Tarnogród');
INSERT INTO cities (voivodship_id, name) VALUES (6, 'Rejowiec Fabryczny');
INSERT INTO cities (voivodship_id, name) VALUES (6, 'Siedliszcze');
INSERT INTO cities (voivodship_id, name) VALUES (6, 'Łuków');
INSERT INTO cities (voivodship_id, name) VALUES (6, 'Stoczek Łukowski');
INSERT INTO cities (voivodship_id, name) VALUES (6, 'Opole Lubelskie');
INSERT INTO cities (voivodship_id, name) VALUES (6, 'Poniatowa');
INSERT INTO cities (voivodship_id, name) VALUES (6, 'Parczew');
INSERT INTO cities (voivodship_id, name) VALUES (6, 'Puławy');
INSERT INTO cities (voivodship_id, name) VALUES (6, 'Kazimierz Dolny');
INSERT INTO cities (voivodship_id, name) VALUES (6, 'Nałęczów');
INSERT INTO cities (voivodship_id, name) VALUES (6, 'Radzyń Podlaski');
INSERT INTO cities (voivodship_id, name) VALUES (6, 'Dęblin');
INSERT INTO cities (voivodship_id, name) VALUES (6, 'Ryki');
INSERT INTO cities (voivodship_id, name) VALUES (6, 'Świdnik');
INSERT INTO cities (voivodship_id, name) VALUES (6, 'Piaski');
INSERT INTO cities (voivodship_id, name) VALUES (6, 'Tomaszów Lubelski');
INSERT INTO cities (voivodship_id, name) VALUES (6, 'Lubycza Królewska');
INSERT INTO cities (voivodship_id, name) VALUES (6, 'Łaszczów');
INSERT INTO cities (voivodship_id, name) VALUES (6, 'Tyszowce');
INSERT INTO cities (voivodship_id, name) VALUES (6, 'Włodawa');
INSERT INTO cities (voivodship_id, name) VALUES (6, 'Krasnobród');
INSERT INTO cities (voivodship_id, name) VALUES (6, 'Szczebrzeszyn');
INSERT INTO cities (voivodship_id, name) VALUES (6, 'Zwierzyniec');
INSERT INTO cities (voivodship_id, name) VALUES (6, 'Biała Podlaska');
INSERT INTO cities (voivodship_id, name) VALUES (6, 'Chełm');
INSERT INTO cities (voivodship_id, name) VALUES (6, 'Lublin');
INSERT INTO cities (voivodship_id, name) VALUES (6, 'Zamość');
INSERT INTO cities (voivodship_id, name) VALUES (8, 'Kostrzyn nad Odrą');
INSERT INTO cities (voivodship_id, name) VALUES (8, 'Witnica');
INSERT INTO cities (voivodship_id, name) VALUES (8, 'Gubin');
INSERT INTO cities (voivodship_id, name) VALUES (8, 'Krosno Odrzańskie');
INSERT INTO cities (voivodship_id, name) VALUES (8, 'Międzyrzecz');
INSERT INTO cities (voivodship_id, name) VALUES (8, 'Skwierzyna');
INSERT INTO cities (voivodship_id, name) VALUES (8, 'Trzciel');
INSERT INTO cities (voivodship_id, name) VALUES (8, 'Nowa Sól');
INSERT INTO cities (voivodship_id, name) VALUES (8, 'Bytom Odrzański');
INSERT INTO cities (voivodship_id, name) VALUES (8, 'Kożuchów');
INSERT INTO cities (voivodship_id, name) VALUES (8, 'Nowe Miasteczko');
INSERT INTO cities (voivodship_id, name) VALUES (8, 'Cybinka');
INSERT INTO cities (voivodship_id, name) VALUES (8, 'Ośno Lubuskie');
INSERT INTO cities (voivodship_id, name) VALUES (8, 'Sulęcin');
INSERT INTO cities (voivodship_id, name) VALUES (8, 'Torzym');
INSERT INTO cities (voivodship_id, name) VALUES (8, 'Świebodzin');
INSERT INTO cities (voivodship_id, name) VALUES (8, 'Zbąszynek');
INSERT INTO cities (voivodship_id, name) VALUES (8, 'Babimost');
INSERT INTO cities (voivodship_id, name) VALUES (8, 'Czerwieńsk');
INSERT INTO cities (voivodship_id, name) VALUES (8, 'Kargowa');
INSERT INTO cities (voivodship_id, name) VALUES (8, 'Nowogród Bobrzański');
INSERT INTO cities (voivodship_id, name) VALUES (8, 'Sulechów');
INSERT INTO cities (voivodship_id, name) VALUES (8, 'Gozdnica');
INSERT INTO cities (voivodship_id, name) VALUES (8, 'Żagań');
INSERT INTO cities (voivodship_id, name) VALUES (8, 'Szlichtyngowa');
INSERT INTO cities (voivodship_id, name) VALUES (8, 'Wschowa');
INSERT INTO cities (voivodship_id, name) VALUES (8, 'Gorzów Wielkopolski');
INSERT INTO cities (voivodship_id, name) VALUES (8, 'Zielona Góra');
INSERT INTO cities (voivodship_id, name) VALUES (10, 'Bełchatów');
INSERT INTO cities (voivodship_id, name) VALUES (10, 'Zelów');
INSERT INTO cities (voivodship_id, name) VALUES (10, 'Kutno');
INSERT INTO cities (voivodship_id, name) VALUES (10, 'Tuszyn');
INSERT INTO cities (voivodship_id, name) VALUES (10, 'Drzewica');
INSERT INTO cities (voivodship_id, name) VALUES (10, 'Opoczno');
INSERT INTO cities (voivodship_id, name) VALUES (10, 'Konstantynów Łódzki');
INSERT INTO cities (voivodship_id, name) VALUES (10, 'Pabianice');
INSERT INTO cities (voivodship_id, name) VALUES (10, 'Działoszyn');
INSERT INTO cities (voivodship_id, name) VALUES (10, 'Pajęczno');
INSERT INTO cities (voivodship_id, name) VALUES (10, 'Sulejów');
INSERT INTO cities (voivodship_id, name) VALUES (10, 'Wolbórz');
INSERT INTO cities (voivodship_id, name) VALUES (10, 'Złoczew');
INSERT INTO cities (voivodship_id, name) VALUES (10, 'Tomaszów Mazowiecki');
INSERT INTO cities (voivodship_id, name) VALUES (10, 'Wieluń');
INSERT INTO cities (voivodship_id, name) VALUES (10, 'Wieruszów');
INSERT INTO cities (voivodship_id, name) VALUES (10, 'Zduńska Wola');
INSERT INTO cities (voivodship_id, name) VALUES (10, 'Szadek');
INSERT INTO cities (voivodship_id, name) VALUES (10, 'Głowno');
INSERT INTO cities (voivodship_id, name) VALUES (10, 'Ozorków');
INSERT INTO cities (voivodship_id, name) VALUES (10, 'Zgierz');
INSERT INTO cities (voivodship_id, name) VALUES (12, 'Nowy Wiśnicz');
INSERT INTO cities (voivodship_id, name) VALUES (12, 'Brzesko');
INSERT INTO cities (voivodship_id, name) VALUES (12, 'Czchów');
INSERT INTO cities (voivodship_id, name) VALUES (12, 'Alwernia');
INSERT INTO cities (voivodship_id, name) VALUES (12, 'Chrzanów');
INSERT INTO cities (voivodship_id, name) VALUES (12, 'Libiąż');
INSERT INTO cities (voivodship_id, name) VALUES (12, 'Trzebinia');
INSERT INTO cities (voivodship_id, name) VALUES (12, 'Dąbrowa Tarnowska');
INSERT INTO cities (voivodship_id, name) VALUES (12, 'Szczucin');
INSERT INTO cities (voivodship_id, name) VALUES (12, 'Gorlice');
INSERT INTO cities (voivodship_id, name) VALUES (12, 'Biecz');
INSERT INTO cities (voivodship_id, name) VALUES (12, 'Bobowa');
INSERT INTO cities (voivodship_id, name) VALUES (12, 'Krzeszowice');
INSERT INTO cities (voivodship_id, name) VALUES (12, 'Skała');
INSERT INTO cities (voivodship_id, name) VALUES (12, 'Skawina');
INSERT INTO cities (voivodship_id, name) VALUES (12, 'Słomniki');
INSERT INTO cities (voivodship_id, name) VALUES (12, 'Świątniki Górne');
INSERT INTO cities (voivodship_id, name) VALUES (12, 'Limanowa');
INSERT INTO cities (voivodship_id, name) VALUES (12, 'Mszana Dolna');
INSERT INTO cities (voivodship_id, name) VALUES (12, 'Miechów');
INSERT INTO cities (voivodship_id, name) VALUES (12, 'Stary Sącz');
INSERT INTO cities (voivodship_id, name) VALUES (12, 'Nowy Targ');
INSERT INTO cities (voivodship_id, name) VALUES (12, 'Szczawnica');
INSERT INTO cities (voivodship_id, name) VALUES (12, 'Rabka-Zdrój');
INSERT INTO cities (voivodship_id, name) VALUES (12, 'Bukowno');
INSERT INTO cities (voivodship_id, name) VALUES (12, 'Olkusz');
INSERT INTO cities (voivodship_id, name) VALUES (12, 'Wolbrom');
INSERT INTO cities (voivodship_id, name) VALUES (12, 'Andrychów');
INSERT INTO cities (voivodship_id, name) VALUES (12, 'Kalwaria Zebrzydowska');
INSERT INTO cities (voivodship_id, name) VALUES (12, 'Wadowice');
INSERT INTO cities (voivodship_id, name) VALUES (12, 'Niepołomice');
INSERT INTO cities (voivodship_id, name) VALUES (12, 'Wieliczka');
INSERT INTO cities (voivodship_id, name) VALUES (12, 'Kraków');
INSERT INTO cities (voivodship_id, name) VALUES (12, 'Nowy Sącz');
INSERT INTO cities (voivodship_id, name) VALUES (12, 'Tarnów');
INSERT INTO cities (voivodship_id, name) VALUES (14, 'Białobrzegi');
INSERT INTO cities (voivodship_id, name) VALUES (14, 'Wyśmierzyce');
INSERT INTO cities (voivodship_id, name) VALUES (14, 'Ciechanów');
INSERT INTO cities (voivodship_id, name) VALUES (14, 'Glinojeck');
INSERT INTO cities (voivodship_id, name) VALUES (14, 'Garwolin');
INSERT INTO cities (voivodship_id, name) VALUES (14, 'Łaskarzew');
INSERT INTO cities (voivodship_id, name) VALUES (14, 'Pilawa');
INSERT INTO cities (voivodship_id, name) VALUES (14, 'Żelechów');
INSERT INTO cities (voivodship_id, name) VALUES (14, 'Gostynin');
INSERT INTO cities (voivodship_id, name) VALUES (14, 'Milanówek');
INSERT INTO cities (voivodship_id, name) VALUES (14, 'Podkowa Leśna');
INSERT INTO cities (voivodship_id, name) VALUES (14, 'Grodzisk Mazowiecki');
INSERT INTO cities (voivodship_id, name) VALUES (14, 'Grójec');
INSERT INTO cities (voivodship_id, name) VALUES (14, 'Mogielnica');
INSERT INTO cities (voivodship_id, name) VALUES (14, 'Nowe Miasto nad Pilicą');
INSERT INTO cities (voivodship_id, name) VALUES (14, 'Warka');
INSERT INTO cities (voivodship_id, name) VALUES (14, 'Kozienice');
INSERT INTO cities (voivodship_id, name) VALUES (14, 'Legionowo');
INSERT INTO cities (voivodship_id, name) VALUES (14, 'Serock');
INSERT INTO cities (voivodship_id, name) VALUES (14, 'Lipsko');
INSERT INTO cities (voivodship_id, name) VALUES (14, 'Łosice');
INSERT INTO cities (voivodship_id, name) VALUES (14, 'Maków Mazowiecki');
INSERT INTO cities (voivodship_id, name) VALUES (14, 'Różan');
INSERT INTO cities (voivodship_id, name) VALUES (14, 'Mińsk Mazowiecki');
INSERT INTO cities (voivodship_id, name) VALUES (14, 'Halinów');
INSERT INTO cities (voivodship_id, name) VALUES (14, 'Kałuszyn');
INSERT INTO cities (voivodship_id, name) VALUES (14, 'Mrozy');
INSERT INTO cities (voivodship_id, name) VALUES (14, 'Sulejówek');
INSERT INTO cities (voivodship_id, name) VALUES (14, 'Mława');
INSERT INTO cities (voivodship_id, name) VALUES (14, 'Nowy Dwór Mazowiecki');
INSERT INTO cities (voivodship_id, name) VALUES (14, 'Nasielsk');
INSERT INTO cities (voivodship_id, name) VALUES (14, 'Piaseczno');
INSERT INTO cities (voivodship_id, name) VALUES (14, 'Tarczyn');
INSERT INTO cities (voivodship_id, name) VALUES (14, 'Drobin');
INSERT INTO cities (voivodship_id, name) VALUES (14, 'Gąbin');
INSERT INTO cities (voivodship_id, name) VALUES (14, 'Wyszogród');
INSERT INTO cities (voivodship_id, name) VALUES (14, 'Płońsk');
INSERT INTO cities (voivodship_id, name) VALUES (14, 'Raciąż');
INSERT INTO cities (voivodship_id, name) VALUES (14, 'Piastów');
INSERT INTO cities (voivodship_id, name) VALUES (14, 'Pruszków');
INSERT INTO cities (voivodship_id, name) VALUES (14, 'Brwinów');
INSERT INTO cities (voivodship_id, name) VALUES (14, 'Przasnysz');
INSERT INTO cities (voivodship_id, name) VALUES (14, 'Kosów Lacki');
INSERT INTO cities (voivodship_id, name) VALUES (14, 'Szydłowiec');
INSERT INTO cities (voivodship_id, name) VALUES (14, 'Błonie');
INSERT INTO cities (voivodship_id, name) VALUES (14, 'Zielonka');
INSERT INTO cities (voivodship_id, name) VALUES (14, 'Radzymin');
INSERT INTO cities (voivodship_id, name) VALUES (14, 'Tłuszcz');
INSERT INTO cities (voivodship_id, name) VALUES (14, 'Wołomin');
INSERT INTO cities (voivodship_id, name) VALUES (14, 'Wyszków');
INSERT INTO cities (voivodship_id, name) VALUES (14, 'Zwoleń');
INSERT INTO cities (voivodship_id, name) VALUES (14, 'Bieżuń');
INSERT INTO cities (voivodship_id, name) VALUES (14, 'Żuromin');
INSERT INTO cities (voivodship_id, name) VALUES (14, 'Żyrardów');
INSERT INTO cities (voivodship_id, name) VALUES (14, 'Mszczonów');
INSERT INTO cities (voivodship_id, name) VALUES (14, 'Ostrołęka');
INSERT INTO cities (voivodship_id, name) VALUES (14, 'Płock');
INSERT INTO cities (voivodship_id, name) VALUES (14, 'Radom');
INSERT INTO cities (voivodship_id, name) VALUES (14, 'Siedlce');
INSERT INTO cities (voivodship_id, name) VALUES (16, 'Brzeg');
INSERT INTO cities (voivodship_id, name) VALUES (16, 'Wołczyn');
INSERT INTO cities (voivodship_id, name) VALUES (16, 'Gogolin');
INSERT INTO cities (voivodship_id, name) VALUES (16, 'Krapkowice');
INSERT INTO cities (voivodship_id, name) VALUES (16, 'Zdzieszowice');
INSERT INTO cities (voivodship_id, name) VALUES (16, 'Namysłów');
INSERT INTO cities (voivodship_id, name) VALUES (16, 'Głuchołazy');
INSERT INTO cities (voivodship_id, name) VALUES (16, 'Korfantów');
INSERT INTO cities (voivodship_id, name) VALUES (16, 'Nysa');
INSERT INTO cities (voivodship_id, name) VALUES (16, 'Otmuchów');
INSERT INTO cities (voivodship_id, name) VALUES (16, 'Paczków');
INSERT INTO cities (voivodship_id, name) VALUES (16, 'Dobrodzień');
INSERT INTO cities (voivodship_id, name) VALUES (16, 'Gorzów Śląski');
INSERT INTO cities (voivodship_id, name) VALUES (16, 'Olesno');
INSERT INTO cities (voivodship_id, name) VALUES (16, 'Praszka');
INSERT INTO cities (voivodship_id, name) VALUES (16, 'Niemodlin');
INSERT INTO cities (voivodship_id, name) VALUES (16, 'Ozimek');
INSERT INTO cities (voivodship_id, name) VALUES (16, 'Prószków');
INSERT INTO cities (voivodship_id, name) VALUES (16, 'Biała');
INSERT INTO cities (voivodship_id, name) VALUES (16, 'Głogówek');
INSERT INTO cities (voivodship_id, name) VALUES (16, 'Prudnik');
INSERT INTO cities (voivodship_id, name) VALUES (18, 'Dębica');
INSERT INTO cities (voivodship_id, name) VALUES (18, 'Brzostek');
INSERT INTO cities (voivodship_id, name) VALUES (18, 'Pilzno');
INSERT INTO cities (voivodship_id, name) VALUES (18, 'Jarosław');
INSERT INTO cities (voivodship_id, name) VALUES (18, 'Radymno');
INSERT INTO cities (voivodship_id, name) VALUES (18, 'Pruchnik');
INSERT INTO cities (voivodship_id, name) VALUES (18, 'Jasło');
INSERT INTO cities (voivodship_id, name) VALUES (18, 'Kołaczyce');
INSERT INTO cities (voivodship_id, name) VALUES (18, 'Kolbuszowa');
INSERT INTO cities (voivodship_id, name) VALUES (18, 'Dukla');
INSERT INTO cities (voivodship_id, name) VALUES (18, 'Iwonicz-Zdrój');
INSERT INTO cities (voivodship_id, name) VALUES (18, 'Jedlicze');
INSERT INTO cities (voivodship_id, name) VALUES (18, 'Rymanów');
INSERT INTO cities (voivodship_id, name) VALUES (18, 'Leżajsk');
INSERT INTO cities (voivodship_id, name) VALUES (18, 'Nowa Sarzyna');
INSERT INTO cities (voivodship_id, name) VALUES (18, 'Lubaczów');
INSERT INTO cities (voivodship_id, name) VALUES (18, 'Cieszanów');
INSERT INTO cities (voivodship_id, name) VALUES (18, 'Narol');
INSERT INTO cities (voivodship_id, name) VALUES (18, 'Oleszyce');
INSERT INTO cities (voivodship_id, name) VALUES (18, 'Łańcut');
INSERT INTO cities (voivodship_id, name) VALUES (18, 'Kańczuga');
INSERT INTO cities (voivodship_id, name) VALUES (18, 'Sieniawa');
INSERT INTO cities (voivodship_id, name) VALUES (18, 'Ropczyce');
INSERT INTO cities (voivodship_id, name) VALUES (18, 'Sędziszów Małopolski');
INSERT INTO cities (voivodship_id, name) VALUES (18, 'Dynów');
INSERT INTO cities (voivodship_id, name) VALUES (18, 'Błażowa');
INSERT INTO cities (voivodship_id, name) VALUES (18, 'Boguchwała');
INSERT INTO cities (voivodship_id, name) VALUES (18, 'Głogów Małopolski');
INSERT INTO cities (voivodship_id, name) VALUES (18, 'Sokołów Małopolski');
INSERT INTO cities (voivodship_id, name) VALUES (18, 'Tyczyn');
INSERT INTO cities (voivodship_id, name) VALUES (18, 'Sanok');
INSERT INTO cities (voivodship_id, name) VALUES (18, 'Zagórz');
INSERT INTO cities (voivodship_id, name) VALUES (18, 'Stalowa Wola');
INSERT INTO cities (voivodship_id, name) VALUES (18, 'Zaklików');
INSERT INTO cities (voivodship_id, name) VALUES (18, 'Strzyżów');
INSERT INTO cities (voivodship_id, name) VALUES (18, 'Baranów Sandomierski');
INSERT INTO cities (voivodship_id, name) VALUES (18, 'Nowa Dęba');
INSERT INTO cities (voivodship_id, name) VALUES (18, 'Lesko');
INSERT INTO cities (voivodship_id, name) VALUES (18, 'Krosno');
INSERT INTO cities (voivodship_id, name) VALUES (18, 'Przemyśl');
INSERT INTO cities (voivodship_id, name) VALUES (18, 'Rzeszów');
INSERT INTO cities (voivodship_id, name) VALUES (18, 'Tarnobrzeg');
INSERT INTO cities (voivodship_id, name) VALUES (20, 'Augustów');
INSERT INTO cities (voivodship_id, name) VALUES (20, 'Lipsk');
INSERT INTO cities (voivodship_id, name) VALUES (20, 'Choroszcz');
INSERT INTO cities (voivodship_id, name) VALUES (20, 'Czarna Białostocka');
INSERT INTO cities (voivodship_id, name) VALUES (20, 'Łapy');
INSERT INTO cities (voivodship_id, name) VALUES (20, 'Bielsk Podlaski');
INSERT INTO cities (voivodship_id, name) VALUES (20, 'Brańsk');
INSERT INTO cities (voivodship_id, name) VALUES (20, 'Grajewo');
INSERT INTO cities (voivodship_id, name) VALUES (20, 'Rajgród');
INSERT INTO cities (voivodship_id, name) VALUES (20, 'Szczuczyn');
INSERT INTO cities (voivodship_id, name) VALUES (20, 'Hajnówka');
INSERT INTO cities (voivodship_id, name) VALUES (20, 'Kleszczele');
INSERT INTO cities (voivodship_id, name) VALUES (20, 'Kolno');
INSERT INTO cities (voivodship_id, name) VALUES (20, 'Stawiski');
INSERT INTO cities (voivodship_id, name) VALUES (20, 'Jedwabne');
INSERT INTO cities (voivodship_id, name) VALUES (20, 'Nowogród');
INSERT INTO cities (voivodship_id, name) VALUES (20, 'Goniądz');
INSERT INTO cities (voivodship_id, name) VALUES (20, 'Knyszyn');
INSERT INTO cities (voivodship_id, name) VALUES (20, 'Mońki');
INSERT INTO cities (voivodship_id, name) VALUES (20, 'Sejny');
INSERT INTO cities (voivodship_id, name) VALUES (20, 'Siemiatycze');
INSERT INTO cities (voivodship_id, name) VALUES (20, 'Drohiczyn');
INSERT INTO cities (voivodship_id, name) VALUES (20, 'Dąbrowa Białostocka');
INSERT INTO cities (voivodship_id, name) VALUES (20, 'Krynki');
INSERT INTO cities (voivodship_id, name) VALUES (20, 'Sokółka');
INSERT INTO cities (voivodship_id, name) VALUES (20, 'Suchowola');
INSERT INTO cities (voivodship_id, name) VALUES (20, 'Wysokie Mazowieckie');
INSERT INTO cities (voivodship_id, name) VALUES (20, 'Ciechanowiec');
INSERT INTO cities (voivodship_id, name) VALUES (20, 'Czyżew');
INSERT INTO cities (voivodship_id, name) VALUES (20, 'Szepietowo');
INSERT INTO cities (voivodship_id, name) VALUES (20, 'Zambrów');
INSERT INTO cities (voivodship_id, name) VALUES (20, 'Białystok');
INSERT INTO cities (voivodship_id, name) VALUES (20, 'Łomża');
INSERT INTO cities (voivodship_id, name) VALUES (20, 'Suwałki');
INSERT INTO cities (voivodship_id, name) VALUES (22, 'Bytów');
INSERT INTO cities (voivodship_id, name) VALUES (22, 'Miastko');
INSERT INTO cities (voivodship_id, name) VALUES (22, 'Pruszcz Gdański');
INSERT INTO cities (voivodship_id, name) VALUES (22, 'Kartuzy');
INSERT INTO cities (voivodship_id, name) VALUES (22, 'Żukowo');
INSERT INTO cities (voivodship_id, name) VALUES (22, 'Kościerzyna');
INSERT INTO cities (voivodship_id, name) VALUES (22, 'Kwidzyn');
INSERT INTO cities (voivodship_id, name) VALUES (22, 'Prabuty');
INSERT INTO cities (voivodship_id, name) VALUES (22, 'Lębork');
INSERT INTO cities (voivodship_id, name) VALUES (22, 'Łeba');
INSERT INTO cities (voivodship_id, name) VALUES (22, 'Malbork');
INSERT INTO cities (voivodship_id, name) VALUES (22, 'Nowy Staw');
INSERT INTO cities (voivodship_id, name) VALUES (22, 'Krynica Morska');
INSERT INTO cities (voivodship_id, name) VALUES (22, 'Nowy Dwór Gdański');
INSERT INTO cities (voivodship_id, name) VALUES (22, 'Hel');
INSERT INTO cities (voivodship_id, name) VALUES (22, 'Jastarnia');
INSERT INTO cities (voivodship_id, name) VALUES (22, 'Puck');
INSERT INTO cities (voivodship_id, name) VALUES (22, 'Władysławowo');
INSERT INTO cities (voivodship_id, name) VALUES (22, 'Ustka');
INSERT INTO cities (voivodship_id, name) VALUES (22, 'Kępice');
INSERT INTO cities (voivodship_id, name) VALUES (22, 'Wejherowo');
INSERT INTO cities (voivodship_id, name) VALUES (22, 'Dzierzgoń');
INSERT INTO cities (voivodship_id, name) VALUES (22, 'Sztum');
INSERT INTO cities (voivodship_id, name) VALUES (22, 'Gdańsk');
INSERT INTO cities (voivodship_id, name) VALUES (22, 'Gdynia');
INSERT INTO cities (voivodship_id, name) VALUES (22, 'Słupsk');
INSERT INTO cities (voivodship_id, name) VALUES (22, 'Sopot');
INSERT INTO cities (voivodship_id, name) VALUES (24, 'Będzin');
INSERT INTO cities (voivodship_id, name) VALUES (24, 'Czeladź');
INSERT INTO cities (voivodship_id, name) VALUES (24, 'Wojkowice');
INSERT INTO cities (voivodship_id, name) VALUES (24, 'Siewierz');
INSERT INTO cities (voivodship_id, name) VALUES (24, 'Sławków');
INSERT INTO cities (voivodship_id, name) VALUES (24, 'Szczyrk');
INSERT INTO cities (voivodship_id, name) VALUES (24, 'Czechowice-Dziedzice');
INSERT INTO cities (voivodship_id, name) VALUES (24, 'Wilamowice');
INSERT INTO cities (voivodship_id, name) VALUES (24, 'Cieszyn');
INSERT INTO cities (voivodship_id, name) VALUES (24, 'Ustroń');
INSERT INTO cities (voivodship_id, name) VALUES (24, 'Wisła');
INSERT INTO cities (voivodship_id, name) VALUES (24, 'Skoczów');
INSERT INTO cities (voivodship_id, name) VALUES (24, 'Strumień');
INSERT INTO cities (voivodship_id, name) VALUES (24, 'Blachownia');
INSERT INTO cities (voivodship_id, name) VALUES (24, 'Koniecpol');
INSERT INTO cities (voivodship_id, name) VALUES (24, 'Knurów');
INSERT INTO cities (voivodship_id, name) VALUES (24, 'Pyskowice');
INSERT INTO cities (voivodship_id, name) VALUES (24, 'Łaziska Górne');
INSERT INTO cities (voivodship_id, name) VALUES (24, 'Mikołów');
INSERT INTO cities (voivodship_id, name) VALUES (24, 'Orzesze');
INSERT INTO cities (voivodship_id, name) VALUES (24, 'Myszków');
INSERT INTO cities (voivodship_id, name) VALUES (24, 'Koziegłowy');
INSERT INTO cities (voivodship_id, name) VALUES (24, 'Żarki');
INSERT INTO cities (voivodship_id, name) VALUES (24, 'Pszczyna');
INSERT INTO cities (voivodship_id, name) VALUES (24, 'Racibórz');
INSERT INTO cities (voivodship_id, name) VALUES (24, 'Krzanowice');
INSERT INTO cities (voivodship_id, name) VALUES (24, 'Kuźnia Raciborska');
INSERT INTO cities (voivodship_id, name) VALUES (24, 'Czerwionka-Leszczyny');
INSERT INTO cities (voivodship_id, name) VALUES (24, 'Kalety');
INSERT INTO cities (voivodship_id, name) VALUES (24, 'Miasteczko Śląskie');
INSERT INTO cities (voivodship_id, name) VALUES (24, 'Radzionków');
INSERT INTO cities (voivodship_id, name) VALUES (24, 'Tarnowskie Góry');
INSERT INTO cities (voivodship_id, name) VALUES (24, 'Bieruń');
INSERT INTO cities (voivodship_id, name) VALUES (24, 'Imielin');
INSERT INTO cities (voivodship_id, name) VALUES (24, 'Lędziny');
INSERT INTO cities (voivodship_id, name) VALUES (24, 'Pszów');
INSERT INTO cities (voivodship_id, name) VALUES (24, 'Radlin');
INSERT INTO cities (voivodship_id, name) VALUES (24, 'Mysłowice');
INSERT INTO cities (voivodship_id, name) VALUES (24, 'Piekary Śląskie');
INSERT INTO cities (voivodship_id, name) VALUES (24, 'Ruda Śląska');
INSERT INTO cities (voivodship_id, name) VALUES (24, 'Rybnik');
INSERT INTO cities (voivodship_id, name) VALUES (24, 'Siemianowice Śląskie');
INSERT INTO cities (voivodship_id, name) VALUES (24, 'Sosnowiec');
INSERT INTO cities (voivodship_id, name) VALUES (24, 'Świętochłowice');
INSERT INTO cities (voivodship_id, name) VALUES (24, 'Tychy');
INSERT INTO cities (voivodship_id, name) VALUES (24, 'Zabrze');
INSERT INTO cities (voivodship_id, name) VALUES (24, 'Żory');
INSERT INTO cities (voivodship_id, name) VALUES (26, 'Busko-Zdrój');
INSERT INTO cities (voivodship_id, name) VALUES (26, 'Stopnica');
INSERT INTO cities (voivodship_id, name) VALUES (26, 'Jędrzejów');
INSERT INTO cities (voivodship_id, name) VALUES (26, 'Małogoszcz');
INSERT INTO cities (voivodship_id, name) VALUES (26, 'Sędziszów');
INSERT INTO cities (voivodship_id, name) VALUES (26, 'Kazimierza Wielka');
INSERT INTO cities (voivodship_id, name) VALUES (26, 'Stąporków');
INSERT INTO cities (voivodship_id, name) VALUES (26, 'Opatów');
INSERT INTO cities (voivodship_id, name) VALUES (26, 'Ożarów');
INSERT INTO cities (voivodship_id, name) VALUES (26, 'Ostrowiec Świętokrzyski');
INSERT INTO cities (voivodship_id, name) VALUES (26, 'Ćmielów');
INSERT INTO cities (voivodship_id, name) VALUES (26, 'Kunów');
INSERT INTO cities (voivodship_id, name) VALUES (26, 'Działoszyce');
INSERT INTO cities (voivodship_id, name) VALUES (26, 'Pińczów');
INSERT INTO cities (voivodship_id, name) VALUES (26, 'Sandomierz');
INSERT INTO cities (voivodship_id, name) VALUES (26, 'Koprzywnica');
INSERT INTO cities (voivodship_id, name) VALUES (26, 'Zawichost');
INSERT INTO cities (voivodship_id, name) VALUES (26, 'Skarżysko-Kamienna');
INSERT INTO cities (voivodship_id, name) VALUES (26, 'Suchedniów');
INSERT INTO cities (voivodship_id, name) VALUES (26, 'Starachowice');
INSERT INTO cities (voivodship_id, name) VALUES (26, 'Wąchock');
INSERT INTO cities (voivodship_id, name) VALUES (26, 'Osiek');
INSERT INTO cities (voivodship_id, name) VALUES (26, 'Połaniec');
INSERT INTO cities (voivodship_id, name) VALUES (26, 'Staszów');
INSERT INTO cities (voivodship_id, name) VALUES (26, 'Włoszczowa');
INSERT INTO cities (voivodship_id, name) VALUES (26, 'Kielce');
INSERT INTO cities (voivodship_id, name) VALUES (28, 'Bartoszyce');
INSERT INTO cities (voivodship_id, name) VALUES (28, 'Górowo Iławeckie');
INSERT INTO cities (voivodship_id, name) VALUES (28, 'Działdowo');
INSERT INTO cities (voivodship_id, name) VALUES (28, 'Lidzbark');
INSERT INTO cities (voivodship_id, name) VALUES (28, 'Młynary');
INSERT INTO cities (voivodship_id, name) VALUES (28, 'Pasłęk');
INSERT INTO cities (voivodship_id, name) VALUES (28, 'Tolkmicko');
INSERT INTO cities (voivodship_id, name) VALUES (28, 'Ełk');
INSERT INTO cities (voivodship_id, name) VALUES (28, 'Giżycko');
INSERT INTO cities (voivodship_id, name) VALUES (28, 'Ryn');
INSERT INTO cities (voivodship_id, name) VALUES (28, 'Iława');
INSERT INTO cities (voivodship_id, name) VALUES (28, 'Lubawa');
INSERT INTO cities (voivodship_id, name) VALUES (28, 'Kisielice');
INSERT INTO cities (voivodship_id, name) VALUES (28, 'Susz');
INSERT INTO cities (voivodship_id, name) VALUES (28, 'Zalewo');
INSERT INTO cities (voivodship_id, name) VALUES (28, 'Kętrzyn');
INSERT INTO cities (voivodship_id, name) VALUES (28, 'Mikołajki');
INSERT INTO cities (voivodship_id, name) VALUES (28, 'Nidzica');
INSERT INTO cities (voivodship_id, name) VALUES (28, 'Nowe Miasto Lubawskie');
INSERT INTO cities (voivodship_id, name) VALUES (28, 'Olecko');
INSERT INTO cities (voivodship_id, name) VALUES (28, 'Miłakowo');
INSERT INTO cities (voivodship_id, name) VALUES (28, 'Miłomłyn');
INSERT INTO cities (voivodship_id, name) VALUES (28, 'Morąg');
INSERT INTO cities (voivodship_id, name) VALUES (28, 'Biała Piska');
INSERT INTO cities (voivodship_id, name) VALUES (28, 'Orzysz');
INSERT INTO cities (voivodship_id, name) VALUES (28, 'Pisz');
INSERT INTO cities (voivodship_id, name) VALUES (28, 'Ruciane-Nida');
INSERT INTO cities (voivodship_id, name) VALUES (28, 'Szczytno');
INSERT INTO cities (voivodship_id, name) VALUES (28, 'Pasym');
INSERT INTO cities (voivodship_id, name) VALUES (28, 'Gołdap');
INSERT INTO cities (voivodship_id, name) VALUES (28, 'Węgorzewo');
INSERT INTO cities (voivodship_id, name) VALUES (28, 'Elbląg');
INSERT INTO cities (voivodship_id, name) VALUES (28, 'Olsztyn');
INSERT INTO cities (voivodship_id, name) VALUES (30, 'Chodzież');
INSERT INTO cities (voivodship_id, name) VALUES (30, 'Margonin');
INSERT INTO cities (voivodship_id, name) VALUES (30, 'Szamocin');
INSERT INTO cities (voivodship_id, name) VALUES (30, 'Czarnków');
INSERT INTO cities (voivodship_id, name) VALUES (30, 'Krzyż Wielkopolski');
INSERT INTO cities (voivodship_id, name) VALUES (30, 'Trzcianka');
INSERT INTO cities (voivodship_id, name) VALUES (30, 'Wieleń');
INSERT INTO cities (voivodship_id, name) VALUES (30, 'Gniezno');
INSERT INTO cities (voivodship_id, name) VALUES (30, 'Pogorzela');
INSERT INTO cities (voivodship_id, name) VALUES (30, 'Poniec');
INSERT INTO cities (voivodship_id, name) VALUES (30, 'Grodzisk Wielkopolski');
INSERT INTO cities (voivodship_id, name) VALUES (30, 'Rakoniewice');
INSERT INTO cities (voivodship_id, name) VALUES (30, 'Wielichowo');
INSERT INTO cities (voivodship_id, name) VALUES (30, 'Jaraczewo');
INSERT INTO cities (voivodship_id, name) VALUES (30, 'Jarocin');
INSERT INTO cities (voivodship_id, name) VALUES (30, 'Żerków');
INSERT INTO cities (voivodship_id, name) VALUES (30, 'Stawiszyn');
INSERT INTO cities (voivodship_id, name) VALUES (30, 'Kępno');
INSERT INTO cities (voivodship_id, name) VALUES (30, 'Koło');
INSERT INTO cities (voivodship_id, name) VALUES (30, 'Dąbie');
INSERT INTO cities (voivodship_id, name) VALUES (30, 'Kłodawa');
INSERT INTO cities (voivodship_id, name) VALUES (30, 'Przedecz');
INSERT INTO cities (voivodship_id, name) VALUES (30, 'Golina');
INSERT INTO cities (voivodship_id, name) VALUES (30, 'Kleczew');
INSERT INTO cities (voivodship_id, name) VALUES (30, 'Rychwał');
INSERT INTO cities (voivodship_id, name) VALUES (30, 'Sompolno');
INSERT INTO cities (voivodship_id, name) VALUES (30, 'Ślesin');
INSERT INTO cities (voivodship_id, name) VALUES (30, 'Kościan');
INSERT INTO cities (voivodship_id, name) VALUES (30, 'Czempiń');
INSERT INTO cities (voivodship_id, name) VALUES (30, 'Krzywiń');
INSERT INTO cities (voivodship_id, name) VALUES (30, 'Śmigiel');
INSERT INTO cities (voivodship_id, name) VALUES (30, 'Sulmierzyce');
INSERT INTO cities (voivodship_id, name) VALUES (30, 'Kobylin');
INSERT INTO cities (voivodship_id, name) VALUES (30, 'Koźmin Wielkopolski');
INSERT INTO cities (voivodship_id, name) VALUES (30, 'Krotoszyn');
INSERT INTO cities (voivodship_id, name) VALUES (30, 'Zbąszyń');
INSERT INTO cities (voivodship_id, name) VALUES (30, 'Oborniki');
INSERT INTO cities (voivodship_id, name) VALUES (30, 'Rogoźno');
INSERT INTO cities (voivodship_id, name) VALUES (30, 'Ostrów Wielkopolski');
INSERT INTO cities (voivodship_id, name) VALUES (30, 'Nowe Skalmierzyce');
INSERT INTO cities (voivodship_id, name) VALUES (30, 'Odolanów');
INSERT INTO cities (voivodship_id, name) VALUES (30, 'Raszków');
INSERT INTO cities (voivodship_id, name) VALUES (30, 'Grabów nad Prosną');
INSERT INTO cities (voivodship_id, name) VALUES (30, 'Mikstat');
INSERT INTO cities (voivodship_id, name) VALUES (30, 'Ostrzeszów');
INSERT INTO cities (voivodship_id, name) VALUES (30, 'Piła');
INSERT INTO cities (voivodship_id, name) VALUES (30, 'Łobżenica');
INSERT INTO cities (voivodship_id, name) VALUES (30, 'Ujście');
INSERT INTO cities (voivodship_id, name) VALUES (30, 'Wyrzysk');
INSERT INTO cities (voivodship_id, name) VALUES (30, 'Wysoka');
INSERT INTO cities (voivodship_id, name) VALUES (30, 'Chocz');
INSERT INTO cities (voivodship_id, name) VALUES (30, 'Dobrzyca');
INSERT INTO cities (voivodship_id, name) VALUES (30, 'Pleszew');
INSERT INTO cities (voivodship_id, name) VALUES (30, 'Luboń');
INSERT INTO cities (voivodship_id, name) VALUES (30, 'Puszczykowo');
INSERT INTO cities (voivodship_id, name) VALUES (30, 'Buk');
INSERT INTO cities (voivodship_id, name) VALUES (30, 'Kostrzyn');
INSERT INTO cities (voivodship_id, name) VALUES (30, 'Kórnik');
INSERT INTO cities (voivodship_id, name) VALUES (30, 'Mosina');
INSERT INTO cities (voivodship_id, name) VALUES (30, 'Murowana Goślina');
INSERT INTO cities (voivodship_id, name) VALUES (30, 'Pobiedziska');
INSERT INTO cities (voivodship_id, name) VALUES (30, 'Ostroróg');
INSERT INTO cities (voivodship_id, name) VALUES (30, 'Pniewy');
INSERT INTO cities (voivodship_id, name) VALUES (30, 'Szamotuły');
INSERT INTO cities (voivodship_id, name) VALUES (30, 'Wronki');
INSERT INTO cities (voivodship_id, name) VALUES (30, 'Środa Wielkopolska');
INSERT INTO cities (voivodship_id, name) VALUES (30, 'Dolsk');
INSERT INTO cities (voivodship_id, name) VALUES (30, 'Książ Wielkopolski');
INSERT INTO cities (voivodship_id, name) VALUES (30, 'Śrem');
INSERT INTO cities (voivodship_id, name) VALUES (30, 'Turek');
INSERT INTO cities (voivodship_id, name) VALUES (30, 'Dobra');
INSERT INTO cities (voivodship_id, name) VALUES (30, 'Tuliszków');
INSERT INTO cities (voivodship_id, name) VALUES (30, 'Wągrowiec');
INSERT INTO cities (voivodship_id, name) VALUES (30, 'Gołańcz');
INSERT INTO cities (voivodship_id, name) VALUES (30, 'Skoki');
INSERT INTO cities (voivodship_id, name) VALUES (30, 'Wolsztyn');
INSERT INTO cities (voivodship_id, name) VALUES (30, 'Miłosław');
INSERT INTO cities (voivodship_id, name) VALUES (30, 'Nekla');
INSERT INTO cities (voivodship_id, name) VALUES (30, 'Pyzdry');
INSERT INTO cities (voivodship_id, name) VALUES (30, 'Września');
INSERT INTO cities (voivodship_id, name) VALUES (30, 'Złotów');
INSERT INTO cities (voivodship_id, name) VALUES (30, 'Jastrowie');
INSERT INTO cities (voivodship_id, name) VALUES (30, 'Krajenka');
INSERT INTO cities (voivodship_id, name) VALUES (30, 'Okonek');
INSERT INTO cities (voivodship_id, name) VALUES (30, 'Kalisz');
INSERT INTO cities (voivodship_id, name) VALUES (30, 'Konin');
INSERT INTO cities (voivodship_id, name) VALUES (30, 'Leszno');
INSERT INTO cities (voivodship_id, name) VALUES (30, 'Poznań');
INSERT INTO cities (voivodship_id, name) VALUES (32, 'Białogard');
INSERT INTO cities (voivodship_id, name) VALUES (32, 'Karlino');
INSERT INTO cities (voivodship_id, name) VALUES (32, 'Tychowo');
INSERT INTO cities (voivodship_id, name) VALUES (32, 'Choszczno');
INSERT INTO cities (voivodship_id, name) VALUES (32, 'Drawno');
INSERT INTO cities (voivodship_id, name) VALUES (32, 'Pełczyce');
INSERT INTO cities (voivodship_id, name) VALUES (32, 'Recz');
INSERT INTO cities (voivodship_id, name) VALUES (32, 'Nowogard');
INSERT INTO cities (voivodship_id, name) VALUES (32, 'Stepnica');
INSERT INTO cities (voivodship_id, name) VALUES (32, 'Gryfice');
INSERT INTO cities (voivodship_id, name) VALUES (32, 'Płoty');
INSERT INTO cities (voivodship_id, name) VALUES (32, 'Trzebiatów');
INSERT INTO cities (voivodship_id, name) VALUES (32, 'Cedynia');
INSERT INTO cities (voivodship_id, name) VALUES (32, 'Chojna');
INSERT INTO cities (voivodship_id, name) VALUES (32, 'Gryfino');
INSERT INTO cities (voivodship_id, name) VALUES (32, 'Mieszkowice');
INSERT INTO cities (voivodship_id, name) VALUES (32, 'Moryń');
INSERT INTO cities (voivodship_id, name) VALUES (32, 'Trzcińsko-Zdrój');
INSERT INTO cities (voivodship_id, name) VALUES (32, 'Dziwnów');
INSERT INTO cities (voivodship_id, name) VALUES (32, 'Golczewo');
INSERT INTO cities (voivodship_id, name) VALUES (32, 'Kamień Pomorski');
INSERT INTO cities (voivodship_id, name) VALUES (32, 'Międzyzdroje');
INSERT INTO cities (voivodship_id, name) VALUES (32, 'Wolin');
INSERT INTO cities (voivodship_id, name) VALUES (32, 'Kołobrzeg');
INSERT INTO cities (voivodship_id, name) VALUES (32, 'Gościno');
INSERT INTO cities (voivodship_id, name) VALUES (32, 'Bobolice');
INSERT INTO cities (voivodship_id, name) VALUES (32, 'Polanów');
INSERT INTO cities (voivodship_id, name) VALUES (32, 'Sianów');
INSERT INTO cities (voivodship_id, name) VALUES (32, 'Barlinek');
INSERT INTO cities (voivodship_id, name) VALUES (32, 'Dębno');
INSERT INTO cities (voivodship_id, name) VALUES (32, 'Myślibórz');
INSERT INTO cities (voivodship_id, name) VALUES (32, 'Nowe Warpno');
INSERT INTO cities (voivodship_id, name) VALUES (32, 'Police');
INSERT INTO cities (voivodship_id, name) VALUES (32, 'Lipiany');
INSERT INTO cities (voivodship_id, name) VALUES (32, 'Pyrzyce');
INSERT INTO cities (voivodship_id, name) VALUES (32, 'Darłowo');
INSERT INTO cities (voivodship_id, name) VALUES (32, 'Sławno');
INSERT INTO cities (voivodship_id, name) VALUES (32, 'Koszalin');
INSERT INTO cities (voivodship_id, name) VALUES (32, 'Szczecin');
INSERT INTO cities (voivodship_id, name) VALUES (32, 'Świnoujście');
commit;
--------------------------------------------------------------------------------

INSERT INTO categories (name) values('Sport');
INSERT INTO categories (name) values('Edukacja');
INSERT INTO categories (name) values('Elektronika');
INSERT INTO categories (name) values('Spożywcze');
INSERT INTO categories (name) values('Moda');
INSERT INTO categories (name) values('Motoryzacja');
INSERT INTO categories (name) values('Wyposażenie wnętrz');
INSERT INTO categories (name) values('Zdrowie i uroda');
INSERT INTO categories (name) values('Rozrywka');
INSERT INTO categories (name) values('Literatura');
commit;
--------------------------------------------------------------------------------

INSERT INTO OFFERS (name, description, category, for_exchange, for_sale, price, seller, offer_status, localisation, photo) VALUES ('Zeszyt' , 'W linie' , 'Sport' , 0 , 1 , 50 , 'dragon',1,NULL, 'https://i.imgur.com/Moe5dXk.jpg');
INSERT INTO OFFERS (name, description, category, for_exchange, for_sale, price, seller, offer_status, localisation, photo) VALUES ('Samolot odrzutowy' , 'Szybki' , 'Sport' , 0 , 1 , 250 , 'dragon',1,NULL, 'https://i.imgur.com/Moe5dXk.jpg');
INSERT INTO OFFERS (name, description, category, for_exchange, for_sale, price, seller, offer_status, localisation, photo) VALUES ('Helikopter bojowy' , 'Lekki' , 'Sport' , 0 , 1 , 350 , 'snake',1,NULL, 'https://i.imgur.com/Moe5dXk.jpg');
INSERT INTO OFFERS (name, description, category, for_exchange, for_sale, price, seller, offer_status, localisation, photo) VALUES ('Ksiażka z Pythona' , 'Nowa, niezniszczona, przydatna na laboratoria. Sprzedaję za 30% ceny rynkowej' , 'Edukacja' , 0 , 1 , 20 , 'admin',0,'Warszawa', 'https://i.imgur.com/DNQkTA0.jpg');
INSERT INTO OFFERS (name, description, category, for_exchange, for_sale, price, seller, offer_status, localisation, photo) VALUES ('Fotel' , 'Stary, ale bardzo wygodny i w dobrym stanie.' , 'Wyposażenie wnętrz' , 1 , 1 , 50 , 'admin',0,'Suwałki', 'https://i.imgur.com/Moe5dXk.jpg');
INSERT INTO OFFERS (name, description, category, for_exchange, for_sale, price, seller, offer_status, localisation, photo) VALUES ('Butki' , 'Wystawiam moje studniówkowe czerwone szpilki. Obcas 18 cm, rozmiar 39. Miałam na sobie raz, nie sądzę, że będę miała okazję je więcej założyć. Chętnie wymienię na inny wysoki obcas w bardziej stonowanym kolorze.' , 'Moda' , 1 , 0 , 1 , 'ola',1,'Warszawa', 'https://i.imgur.com/ZaRpiT0.jpg');
INSERT INTO OFFERS (name, description, category, for_exchange, for_sale, price, seller, offer_status, localisation, photo) VALUES ('Zeszyty' , 'Sprzedam / wymienię 3 zeszyty z notatkami z sieci komputerowych' , 'Edukacja' , 1 , 1 , 15 , 'snake',0,'Suwałki', 'https://i.imgur.com/Moe5dXk.jpg');
INSERT INTO OFFERS (name, description, category, for_exchange, for_sale, price, seller, offer_status, localisation, photo) VALUES ('Opel' , 'Sprzedam opla' , 'Motoryzacja' , 0 , 1 , 2500 , 'pap',1,'Warszawa', 'https://i.imgur.com/HTcZO3H.jpg');
INSERT INTO OFFERS (name, description, category, for_exchange, for_sale, price, seller, offer_status, localisation, photo) VALUES ('Truskawki' , 'Kupiłem za dużo truskawek i nie dam rady wszystkich zjeść. Są pyszne, szkoda żeby się zmarnowały.' , 'Spożywcze' , 1 , 1 , 5 , 'pap',0,'Warszawa', 'https://i.imgur.com/bgFtVsh.jpg');
INSERT INTO OFFERS (name, description, category, for_exchange, for_sale, price, seller, offer_status, localisation, photo) VALUES ('Parówki z Sokołowa' , 'Wymienię na Berlinki. Data przydatności do spożycia: 15/02/2022.' , 'Spożywcze' , 1 , 1 , 5 , 'pap',0,'Wołomin', 'https://i.imgur.com/MS9W7SK.jpg');
INSERT INTO OFFERS (name, description, category, for_exchange, for_sale, price, seller, offer_status, localisation, photo) VALUES ('Zepsuty komputer' , 'Przekażę w dobre ręce rozmontowanego Della w celach naukowych dla ambitnego informatyka.' , 'Elektronika' , 0 , 1 , 50 , 'pap',0,'Suwałki', 'https://i.imgur.com/Moe5dXk.jpg');
INSERT INTO OFFERS (name, description, category, for_exchange, for_sale, price, seller, offer_status, localisation, photo) VALUES ('Monitor duży' , 'To bardzo duży i bardzo drogi monitor był więc sprzedaję za wysoką cenę lub wymieniam za klawiaturę gejmingową.' , 'Elektronika' , 1 , 1 , 2500 , 'pap',0,'Warszawa', 'https://i.imgur.com/nxHZHMx.png');
INSERT INTO OFFERS (name, description, category, for_exchange, for_sale, price, seller, offer_status, localisation, photo) VALUES ('Kurczak z rożna' , 'Jestem mięsożercą, ale również nie marnuję jedzenia, więc wymienię za deser.' , 'Spożywcze' , 1 , 1 , 5 , 'WonderWoman',0,'Warszawa', 'https://i.imgur.com/37FhOkS.jpg');
INSERT INTO OFFERS (name, description, category, for_exchange, for_sale, price, seller, offer_status, localisation, photo) VALUES ('Mazda RX6' , 'Żarcik, nie stać mnie, ale mam rower ' , 'Sport' , 0 , 1 , 150 , 'WonderWoman',0,'Warszawa', 'https://i.imgur.com/bRgbPoO.jpg');
INSERT INTO OFFERS (name, description, category, for_exchange, for_sale, price, seller, offer_status, localisation, photo) VALUES ('Krzeslo' , 'Wygodne i ładne' , 'Wyposażenie wnętrz' , 0 , 1 , 5 , 'pap',0,'Chełm', 'https://i.imgur.com/Moe5dXk.jpg');
INSERT INTO OFFERS (name, description, category, for_exchange, for_sale, price, seller, offer_status, localisation, photo) VALUES ('Koszulka' , 'Sprzedam/wymienię nową koszulkę z merchu eiti pw' , 'Moda' , 1 , 1 , 50 , 'Radek',1,'Warszawa', 'https://i.imgur.com/EEuWenY.png');
INSERT INTO OFFERS (name, description, category, for_exchange, for_sale, price, seller, offer_status, localisation, photo) VALUES ('Bluza' , 'Wymienię bluzę z merchu eiti pw' , 'Moda' , 1 , 0 , 0 , 'Radek',1,'Warszawa', 'https://i.imgur.com/kEm3nyT.png');
INSERT INTO OFFERS (name, description, category, for_exchange, for_sale, price, seller, offer_status, localisation, photo) VALUES ('Kręcące się kółko' , 'Bardzo ładne kręcące się kółko' , 'Elektronika' , 0 , 1 , 1 , 'pap',0,'Warszawa', 'https://i.imgur.com/aEpDfB0.jpg');
INSERT INTO OFFERS (name, description, category, for_exchange, for_sale, price, seller, offer_status, localisation, photo) VALUES ('Wędka' , 'Hej, jestem fanatykiem wędkarstwa, na sprzedaż wystawiam wędkę, ponieważ na święta dostałem nowszy model. Firma to Rybexpol, model Okoń2000.' , 'Sport' , 0 , 1 , 100 , 'quboxiczkens2009',0,'Suwałki', 'https://i.imgur.com/G223PP2.png');
commit;
--------------------------------------------------------------------------------

INSERT INTO TRANSACTIONS (offer_id, buyer, buyers_offer, status) VALUES (5 , 'grzegorz' , 'długopis' , -1);
INSERT INTO TRANSACTIONS (offer_id, buyer, buyers_offer, status) VALUES (8 , 'Radek' , 'Wymienię za nową klawiaturę' , -1);
INSERT INTO TRANSACTIONS (offer_id, buyer, buyers_offer, status) VALUES (7 , 'snake' , 'wąż ogrodowy' , -1);
INSERT INTO TRANSACTIONS (offer_id, buyer, buyers_offer, status) VALUES (6 , 'admin' , 'Wymienię za 3 zakreślacze' , -1);
INSERT INTO TRANSACTIONS (offer_id, buyer, buyers_offer, status) VALUES (4 , 'pap' , 'tak, dam paczkę landrynek' , 1);
INSERT INTO TRANSACTIONS (offer_id, buyer, buyers_offer, status) VALUES (15 , 'pap' , 'wymienie.' , -1);
INSERT INTO TRANSACTIONS (offer_id, buyer, buyers_offer, status) VALUES (16 , 'admin' , '50.0 PLN' , 1);
INSERT INTO TRANSACTIONS (offer_id, buyer, buyers_offer, status) VALUES (17 , 'admin' , '250.0 PLN' , 1);
INSERT INTO TRANSACTIONS (offer_id, buyer, buyers_offer, status) VALUES (18 , 'pap' , 'wymienie garnek' , 0);
INSERT INTO TRANSACTIONS (offer_id, buyer, buyers_offer, status) VALUES (10 , 'admin' , '350.0 PLN' , 1);
INSERT INTO TRANSACTIONS (offer_id, buyer, buyers_offer, status) VALUES (19 , 'pap' , '2500.0 PLN' , 1);
INSERT INTO TRANSACTIONS (offer_id, buyer, buyers_offer, status) VALUES (11 , 'snake' , '50.0 PLN' , 1);
INSERT INTO TRANSACTIONS (offer_id, buyer, buyers_offer, status) VALUES (12 , 'admin' , 'Wymienię za długopisy' , -1);
INSERT INTO TRANSACTIONS (offer_id, buyer, buyers_offer, status) VALUES (13 , 'pap' , 'Wymienię za podręcznik do labów z ptcy' , 1);
INSERT INTO TRANSACTIONS (offer_id, buyer, buyers_offer, status) VALUES (14 , 'WonderWoman' , 'Duża Milka' , -1);
INSERT INTO TRANSACTIONS (offer_id, buyer, buyers_offer, status) VALUES (15 , 'pap' , 'za bluze' , 1);
commit;
--------------------------------------------------------------------------------


INSERT INTO COMMENTS (OFFER_ID, USER_LOGIN, COMMENT_TEXT) VALUES (11, 'admin', 'fajna oferta :)');
INSERT INTO COMMENTS (OFFER_ID, USER_LOGIN, COMMENT_TEXT) VALUES (12, 'admin', 'średnia cena :/');
INSERT INTO COMMENTS (OFFER_ID, USER_LOGIN, COMMENT_TEXT) VALUES (12, 'admin', 'Jednak podoba mi się cena :D');
INSERT INTO COMMENTS (OFFER_ID, USER_LOGIN, COMMENT_TEXT) VALUES (15, 'Mariusz', 'Fajne');
INSERT INTO COMMENTS (OFFER_ID, USER_LOGIN, COMMENT_TEXT) VALUES (18, 'WonderWoman', 'Wygląda na dobry sprzęt!!!');
INSERT INTO COMMENTS (OFFER_ID, USER_LOGIN, COMMENT_TEXT) VALUES (6, 'Tomasz', 'po czesku truskawki to jahody :)
pozdrawiam
Tomasz');
INSERT INTO COMMENTS (OFFER_ID, USER_LOGIN, COMMENT_TEXT) VALUES (19, 'pap', 'siema');
INSERT INTO COMMENTS (OFFER_ID, USER_LOGIN, COMMENT_TEXT) VALUES (19, 'ola', 'cześć');
INSERT INTO COMMENTS (OFFER_ID, USER_LOGIN, COMMENT_TEXT) VALUES (13, 'ola', 'Jakie desery lubisz?');
INSERT INTO COMMENTS (OFFER_ID, USER_LOGIN, COMMENT_TEXT) VALUES (12, 'pap', 'Bump');
INSERT INTO COMMENTS (OFFER_ID, USER_LOGIN, COMMENT_TEXT) VALUES (13, 'Asiuniaaa111', 'Mam kawałek sernika');
INSERT INTO COMMENTS (OFFER_ID, USER_LOGIN, COMMENT_TEXT) VALUES (14, 'quboxiczkens2009', 'Bump');
INSERT INTO COMMENTS (OFFER_ID, USER_LOGIN, COMMENT_TEXT) VALUES (6, 'quboxiczkens2009', 'fajniutkie :P');
INSERT INTO COMMENTS (OFFER_ID, USER_LOGIN, COMMENT_TEXT) VALUES (6, 'quboxiczkens2009', 'Jaki rozmiar buta? Pytam dla koleżanki');
INSERT INTO COMMENTS (OFFER_ID, USER_LOGIN, COMMENT_TEXT) VALUES (18, 'pap', 'fajne');
INSERT INTO COMMENTS (OFFER_ID, USER_LOGIN, COMMENT_TEXT) VALUES (14, 'elo', 'Polecam produkt');
commit;

--------------------------------------------------------------------------------